{"_wandb":{"runtime":449},"kl_loss_1":185.01409291081706,"total_loss":0.20456775727344667,"batch_loss_z2":0.11387964988590889,"_runtime":449.808502519,"_timestamp":1.7404992268646176e+09,"Z2 Accuracy":96.12085198978951,"ortho_loss":10.384216541973982,"batch_loss_z1":0.15780875282955653,"Z1 Accuracy":94.05364690128468,"_step":80,"kl_loss_2":2.6615142126574636,"recon_loss":0.030282034688067345}