Method,Mean Time (s),Std Time (s),All Times (s),Type
iMAP,606.4775685787201,9.096735054012967,"[588.5542411804199, 607.943576335907, 611.9652307033539, 612.1585743427277, 611.766220331192]",Neural Network
